indice_test,indice_original,etiqueta_real,decision_ensamble,ensamble_correcto,ind_correctos_de,tipo_discrepancia,texto_muestra,pred_ComplementNB,pred_LogisticRegression,pred_LinearSVM
3,7088,media,media,True,2/3,1-2 (alta-media),,alta,media,media
8,381,media,media,True,2/3,1-2 (alta-media),,alta,media,media
17,12961,media,media,True,2/3,1-2 (alta-media),,alta,media,media
21,7636,alta,alta,True,2/3,2-1 (alta-media),,media,alta,alta
30,17726,alta,alta,True,2/3,2-1 (alta-media),,alta,alta,media
31,15767,alta,alta,True,2/3,2-1 (alta-media),,media,alta,alta
33,8844,media,media,True,2/3,1-2 (alta-media),,media,alta,media
34,10980,media,media,True,1/3,2-1 (alta-media),,alta,alta,media
43,13829,media,media,True,2/3,1-2 (alta-media),,alta,media,media
46,18733,media,media,True,1/3,2-1 (alta-media),,alta,alta,media
52,5066,media,media,True,2/3,1-2 (alta-media),,alta,media,media
53,5883,media,media,True,2/3,1-2 (alta-media),,media,alta,media
58,3080,media,media,True,2/3,1-2 (alta-media),,alta,media,media
63,9492,media,alta,False,1/3,2-1 (alta-media),,alta,alta,media
66,17602,media,media,True,1/3,2-1 (alta-media),,alta,alta,media
68,14895,media,media,True,2/3,1-2 (alta-media),,media,alta,media
69,11604,media,media,True,2/3,1-2 (alta-media),,alta,media,media
70,3162,alta,alta,True,2/3,2-1 (alta-media),,media,alta,alta
71,15825,media,media,True,2/3,1-2 (alta-media),,alta,media,media
72,13928,alta,alta,True,2/3,2-1 (alta-media),,media,alta,alta
74,12074,alta,media,False,1/3,1-2 (alta-media),,media,alta,media
76,10001,media,media,True,2/3,1-2 (alta-media),,media,alta,media
79,3551,media,media,True,2/3,1-2 (alta-media),,alta,media,media
82,3066,media,media,True,2/3,1-2 (alta-media),,alta,media,media
87,15089,media,alta,False,1/3,2-1 (alta-media),,alta,alta,media
88,8582,media,media,True,2/3,1-2 (alta-media),,alta,media,media
93,14668,alta,alta,True,2/3,2-1 (alta-media),,alta,alta,media
95,5962,media,media,True,2/3,1-2 (alta-media),,alta,media,media
96,5833,media,media,True,2/3,1-2 (alta-media),,alta,media,media
97,10228,media,media,True,2/3,1-2 (alta-media),,alta,media,media
102,11832,media,alta,False,1/3,2-1 (alta-media),,media,alta,alta
111,9784,media,media,True,2/3,1-2 (alta-media),,alta,media,media
115,14984,media,alta,False,1/3,2-1 (alta-media),,alta,media,alta
118,6752,media,media,True,2/3,1-2 (alta-media),,alta,media,media
122,6524,alta,alta,True,2/3,2-1 (alta-media),,media,alta,alta
123,16018,media,media,True,2/3,1-2 (alta-media),,alta,media,media
124,12034,media,media,True,2/3,1-2 (alta-media),,alta,media,media
126,6791,media,media,True,2/3,1-2 (alta-media),,alta,media,media
130,13350,media,media,True,2/3,1-2 (alta-media),,alta,media,media
138,3521,media,media,True,2/3,1-2 (alta-media),,alta,media,media
141,8126,alta,alta,True,2/3,2-1 (alta-media),,media,alta,alta
144,11767,media,media,True,2/3,1-2 (alta-media),,media,alta,media
149,1119,media,alta,False,1/3,2-1 (alta-media),,alta,alta,media
152,6814,media,media,True,2/3,1-2 (alta-media),,media,alta,media
153,15503,media,media,True,2/3,1-2 (alta-media),,alta,media,media
159,3237,media,media,True,2/3,1-2 (alta-media),,alta,media,media
160,14533,alta,media,False,1/3,1-2 (alta-media),,alta,media,media
161,127,media,alta,False,1/3,2-1 (alta-media),,alta,alta,media
162,6373,media,media,True,2/3,1-2 (alta-media),,alta,media,media
163,14626,media,media,True,2/3,1-2 (alta-media),,alta,media,media
166,13588,media,media,True,2/3,1-2 (alta-media),,alta,media,media
167,12233,media,media,True,2/3,1-2 (alta-media),,alta,media,media
176,17943,media,media,True,2/3,1-2 (alta-media),,alta,media,media
180,5161,alta,media,False,1/3,1-2 (alta-media),,alta,media,media
181,12355,alta,alta,True,1/3,1-2 (alta-media),,media,alta,media
185,12062,media,media,True,2/3,1-2 (alta-media),,alta,media,media
193,9501,media,media,True,2/3,1-2 (alta-media),,alta,media,media
195,7774,media,media,True,2/3,1-2 (alta-media),,alta,media,media
196,5732,media,alta,False,1/3,2-1 (alta-media),,alta,alta,media
197,16660,media,alta,False,1/3,2-1 (alta-media),,media,alta,alta
200,9955,media,media,True,2/3,1-2 (alta-media),,alta,media,media
204,8697,alta,media,False,2/3,2-1 (alta-media),,alta,alta,media
207,15747,media,media,True,2/3,1-2 (alta-media),,media,alta,media
208,5317,media,media,True,2/3,1-2 (alta-media),,media,alta,media
209,4136,media,media,True,2/3,1-2 (alta-media),,alta,media,media
214,15214,media,media,True,2/3,1-2 (alta-media),,alta,media,media
216,4129,media,media,True,2/3,1-2 (alta-media),,media,alta,media
217,9013,media,media,True,2/3,1-2 (alta-media),,alta,media,media
218,13921,media,media,True,2/3,1-2 (alta-media),,media,alta,media
221,10386,media,media,True,2/3,1-2 (alta-media),,alta,media,media
224,7522,media,media,True,2/3,1-2 (alta-media),,alta,media,media
231,882,media,media,True,2/3,1-2 (alta-media),,alta,media,media
234,11146,alta,alta,True,2/3,2-1 (alta-media),,media,alta,alta
235,16970,media,media,True,2/3,1-2 (alta-media),,alta,media,media
238,9938,alta,media,False,1/3,1-2 (alta-media),,media,alta,media
246,1471,alta,alta,True,2/3,2-1 (alta-media),,alta,alta,media
247,18390,alta,media,False,1/3,1-2 (alta-media),,alta,media,media
250,17069,alta,alta,True,2/3,2-1 (alta-media),,media,alta,alta
252,10564,media,media,True,2/3,1-2 (alta-media),,alta,media,media
261,5158,media,media,True,2/3,1-2 (alta-media),,alta,media,media
264,18816,media,media,True,2/3,1-2 (alta-media),,alta,media,media
266,9439,media,media,True,2/3,1-2 (alta-media),,alta,media,media
284,7019,media,media,True,2/3,1-2 (alta-media),,alta,media,media
291,10813,media,media,True,2/3,1-2 (alta-media),,alta,media,media
304,7688,media,media,True,2/3,1-2 (alta-media),,alta,media,media
305,18248,media,media,True,2/3,1-2 (alta-media),,alta,media,media
306,2778,alta,alta,True,2/3,2-1 (alta-media),,media,alta,alta
308,10785,alta,media,False,1/3,1-2 (alta-media),,media,alta,media
312,499,media,media,True,2/3,1-2 (alta-media),,alta,media,media
318,8215,media,alta,False,2/3,1-2 (alta-media),,media,alta,media
324,5130,media,media,True,2/3,1-2 (alta-media),,media,alta,media
326,8386,media,media,True,2/3,1-2 (alta-media),,alta,media,media
332,953,media,alta,False,1/3,2-1 (alta-media),,alta,alta,media
336,13315,media,media,True,2/3,1-2 (alta-media),,alta,media,media
339,2351,media,media,True,2/3,1-2 (alta-media),,alta,media,media
340,622,alta,alta,True,2/3,2-1 (alta-media),,media,alta,alta
344,14978,media,media,True,2/3,1-2 (alta-media),,alta,media,media
345,1341,media,media,True,2/3,1-2 (alta-media),,alta,media,media
349,14359,alta,alta,True,2/3,2-1 (alta-media),,media,alta,alta
351,9606,media,media,True,2/3,1-2 (alta-media),,media,alta,media
356,1343,media,alta,False,1/3,2-1 (alta-media),,alta,alta,media
361,4801,media,media,True,2/3,1-2 (alta-media),,alta,media,media
362,1968,media,media,True,2/3,1-2 (alta-media),,alta,media,media
364,1776,alta,alta,True,2/3,2-1 (alta-media),,media,alta,alta
373,390,media,alta,False,1/3,2-1 (alta-media),,media,alta,alta
375,415,media,media,True,2/3,1-2 (alta-media),,alta,media,media
386,9580,media,alta,False,1/3,2-1 (alta-media),,alta,alta,media
387,8881,media,media,True,2/3,1-2 (alta-media),,alta,media,media
388,13236,media,media,True,2/3,1-2 (alta-media),,alta,media,media
390,14971,alta,alta,True,2/3,2-1 (alta-media),,media,alta,alta
391,5570,media,media,True,2/3,1-2 (alta-media),,alta,media,media
397,12518,media,media,True,2/3,1-2 (alta-media),,media,alta,media
398,18294,media,media,True,2/3,1-2 (alta-media),,alta,media,media
401,15951,media,media,True,2/3,1-2 (alta-media),,alta,media,media
404,9095,media,media,True,2/3,1-2 (alta-media),,media,alta,media
414,9086,media,media,True,2/3,1-2 (alta-media),,alta,media,media
416,18459,media,media,True,2/3,1-2 (alta-media),,alta,media,media
419,12745,media,alta,False,1/3,2-1 (alta-media),,alta,alta,media
422,4251,media,alta,False,1/3,2-1 (alta-media),,media,alta,alta
423,14478,alta,alta,True,2/3,2-1 (alta-media),,media,alta,alta
424,11927,media,media,True,2/3,1-2 (alta-media),,alta,media,media
425,11505,alta,alta,True,2/3,2-1 (alta-media),,media,alta,alta
429,115,alta,media,False,1/3,1-2 (alta-media),,alta,media,media
438,908,media,alta,False,1/3,2-1 (alta-media),,alta,alta,media
439,1461,alta,media,False,1/3,1-2 (alta-media),,alta,media,media
447,2801,alta,alta,True,2/3,2-1 (alta-media),,media,alta,alta
450,5541,media,media,True,2/3,1-2 (alta-media),,alta,media,media
456,16557,media,media,True,2/3,1-2 (alta-media),,alta,media,media
459,6771,alta,alta,True,2/3,2-1 (alta-media),,alta,alta,media
464,90,media,media,True,2/3,1-2 (alta-media),,alta,media,media
466,17986,alta,media,False,1/3,1-2 (alta-media),,media,alta,media
468,18879,media,media,True,2/3,1-2 (alta-media),,alta,media,media
470,10971,alta,alta,True,2/3,2-1 (alta-media),,media,alta,alta
473,4545,media,media,True,2/3,1-2 (alta-media),,alta,media,media
477,2585,media,media,True,2/3,1-2 (alta-media),,media,alta,media
482,6653,media,media,True,2/3,1-2 (alta-media),,alta,media,media
488,5751,media,alta,False,1/3,2-1 (alta-media),,alta,alta,media
489,17883,alta,alta,True,2/3,2-1 (alta-media),,media,alta,alta
508,13507,media,media,True,2/3,1-2 (alta-media),,alta,media,media
512,1788,media,alta,False,1/3,2-1 (alta-media),,media,alta,alta
513,15513,media,alta,False,1/3,2-1 (alta-media),,media,alta,alta
519,6378,alta,media,False,1/3,1-2 (alta-media),,alta,media,media
521,12919,media,media,True,2/3,1-2 (alta-media),,alta,media,media
522,5125,media,alta,False,1/3,2-1 (alta-media),,alta,alta,media
524,1305,media,alta,False,1/3,2-1 (alta-media),,media,alta,alta
532,17404,media,alta,False,1/3,2-1 (alta-media),,media,alta,alta
535,6699,media,media,True,2/3,1-2 (alta-media),,media,alta,media
536,5452,media,media,True,2/3,1-2 (alta-media),,media,alta,media
537,17399,alta,alta,True,2/3,2-1 (alta-media),,media,alta,alta
542,4698,media,media,True,2/3,1-2 (alta-media),,alta,media,media
544,1589,alta,alta,True,2/3,2-1 (alta-media),,alta,alta,media
545,14684,media,media,True,2/3,1-2 (alta-media),,media,alta,media
548,12051,media,media,True,2/3,1-2 (alta-media),,alta,media,media
552,13404,alta,alta,True,2/3,2-1 (alta-media),,alta,alta,media
556,6687,media,media,True,2/3,1-2 (alta-media),,alta,media,media
565,18044,media,media,True,2/3,1-2 (alta-media),,alta,media,media
568,9180,media,alta,False,2/3,1-2 (alta-media),,alta,media,media
571,12977,alta,alta,True,2/3,2-1 (alta-media),,media,alta,alta
576,9731,alta,alta,True,2/3,2-1 (alta-media),,alta,alta,media
579,5946,alta,alta,True,2/3,2-1 (alta-media),,media,alta,alta
581,15511,media,alta,False,1/3,2-1 (alta-media),,alta,alta,media
587,13583,media,media,True,2/3,1-2 (alta-media),,alta,media,media
592,11178,alta,alta,True,2/3,2-1 (alta-media),,media,alta,alta
593,4003,media,alta,False,1/3,2-1 (alta-media),,alta,alta,media
594,9015,alta,media,False,1/3,1-2 (alta-media),,alta,media,media
597,2649,media,media,True,2/3,1-2 (alta-media),,media,alta,media
626,4485,media,alta,False,1/3,2-1 (alta-media),,alta,alta,media
630,1262,alta,media,False,1/3,1-2 (alta-media),,media,alta,media
631,5563,alta,alta,True,2/3,2-1 (alta-media),,media,alta,alta
633,2182,media,media,True,2/3,1-2 (alta-media),,alta,media,media
637,10423,media,media,True,2/3,1-2 (alta-media),,alta,media,media
638,2269,alta,alta,True,2/3,2-1 (alta-media),,media,alta,alta
639,18444,media,media,True,2/3,1-2 (alta-media),,media,alta,media
645,12345,media,media,True,2/3,1-2 (alta-media),,media,alta,media
648,3932,alta,alta,True,2/3,2-1 (alta-media),,alta,alta,media
662,2650,alta,alta,True,2/3,2-1 (alta-media),,media,alta,alta
663,12644,media,media,True,2/3,1-2 (alta-media),,alta,media,media
665,5488,alta,alta,True,2/3,2-1 (alta-media),,media,alta,alta
669,15986,media,media,True,2/3,1-2 (alta-media),,alta,media,media
684,5826,media,alta,False,1/3,2-1 (alta-media),,alta,alta,media
686,9222,alta,media,False,1/3,1-2 (alta-media),,media,alta,media
687,13774,alta,media,False,1/3,1-2 (alta-media),,media,alta,media
697,11995,media,media,True,2/3,1-2 (alta-media),,alta,media,media
699,16154,media,media,True,2/3,1-2 (alta-media),,alta,media,media
700,4035,media,media,True,2/3,1-2 (alta-media),,alta,media,media
704,2347,media,media,True,2/3,1-2 (alta-media),,alta,media,media
705,6844,media,alta,False,1/3,2-1 (alta-media),,alta,alta,media
709,1533,alta,media,False,1/3,1-2 (alta-media),,alta,media,media
715,7913,media,alta,False,2/3,1-2 (alta-media),,alta,media,media
723,773,media,media,True,2/3,1-2 (alta-media),,alta,media,media
724,8070,media,media,True,2/3,1-2 (alta-media),,alta,media,media
726,544,alta,media,False,1/3,1-2 (alta-media),,media,alta,media
728,17250,media,media,True,2/3,1-2 (alta-media),,media,alta,media
729,15950,alta,alta,True,2/3,2-1 (alta-media),,media,alta,alta
731,13998,media,media,True,2/3,1-2 (alta-media),,alta,media,media
734,12501,media,media,True,2/3,1-2 (alta-media),,alta,media,media
740,4644,alta,alta,True,2/3,2-1 (alta-media),,media,alta,alta
744,16914,alta,alta,True,2/3,2-1 (alta-media),,media,alta,alta
745,46,alta,media,False,1/3,1-2 (alta-media),,alta,media,media
755,671,media,media,True,2/3,1-2 (alta-media),,alta,media,media
758,11044,alta,media,False,1/3,1-2 (alta-media),,alta,media,media
760,18151,alta,alta,True,2/3,2-1 (alta-media),,media,alta,alta
764,3676,media,media,True,2/3,1-2 (alta-media),,alta,media,media
766,11992,media,alta,False,1/3,2-1 (alta-media),,media,alta,alta
771,1887,alta,alta,True,2/3,2-1 (alta-media),,media,alta,alta
775,4540,media,media,True,2/3,1-2 (alta-media),,alta,media,media
779,7247,media,media,True,2/3,1-2 (alta-media),,alta,media,media
782,17624,media,alta,False,2/3,1-2 (alta-media),,media,alta,media
784,767,media,media,True,2/3,1-2 (alta-media),,alta,media,media
796,5750,alta,alta,True,2/3,2-1 (alta-media),,media,alta,alta
797,9939,media,media,True,2/3,1-2 (alta-media),,alta,media,media
801,12572,alta,alta,True,2/3,2-1 (alta-media),,alta,alta,media
802,8108,alta,media,False,1/3,1-2 (alta-media),,media,alta,media
805,2213,alta,alta,True,2/3,2-1 (alta-media),,media,alta,alta
806,12376,alta,media,False,1/3,1-2 (alta-media),,alta,media,media
809,16477,media,media,True,2/3,1-2 (alta-media),,alta,media,media
818,8855,media,alta,False,1/3,2-1 (alta-media),,alta,alta,media
825,10731,media,media,True,2/3,1-2 (alta-media),,alta,media,media
833,14062,alta,alta,True,2/3,2-1 (alta-media),,media,alta,alta
835,11253,media,media,True,2/3,1-2 (alta-media),,media,alta,media
836,14956,media,media,True,2/3,1-2 (alta-media),,alta,media,media
845,6039,media,media,True,2/3,1-2 (alta-media),,alta,media,media
850,1364,media,media,True,2/3,1-2 (alta-media),,alta,media,media
854,6931,media,media,True,2/3,1-2 (alta-media),,alta,media,media
856,15671,alta,alta,True,2/3,2-1 (alta-media),,alta,alta,media
858,17100,media,alta,False,1/3,2-1 (alta-media),,media,alta,alta
862,3448,media,alta,False,1/3,2-1 (alta-media),,media,alta,alta
866,38,alta,alta,True,2/3,2-1 (alta-media),,media,alta,alta
868,13365,media,media,True,2/3,1-2 (alta-media),,alta,media,media
873,8235,alta,alta,True,2/3,2-1 (alta-media),,media,alta,alta
878,18190,alta,media,False,1/3,1-2 (alta-media),,alta,media,media
879,3533,media,media,True,2/3,1-2 (alta-media),,alta,media,media
881,75,alta,alta,True,2/3,2-1 (alta-media),,alta,alta,media
883,17443,media,media,True,2/3,1-2 (alta-media),,alta,media,media
884,6111,media,alta,False,1/3,2-1 (alta-media),,media,alta,alta
890,18811,media,media,True,2/3,1-2 (alta-media),,alta,media,media
894,2113,alta,alta,True,2/3,2-1 (alta-media),,media,alta,alta
900,7877,media,alta,False,2/3,1-2 (alta-media),,media,alta,media
905,7345,alta,alta,True,2/3,2-1 (alta-media),,media,alta,alta
907,6411,media,media,True,2/3,1-2 (alta-media),,alta,media,media
908,10421,media,media,True,2/3,1-2 (alta-media),,alta,media,media
909,9725,media,media,True,2/3,1-2 (alta-media),,alta,media,media
910,10366,alta,alta,True,2/3,2-1 (alta-media),,alta,alta,media
911,717,alta,alta,True,2/3,2-1 (alta-media),,media,alta,alta
914,13245,media,media,True,2/3,1-2 (alta-media),,alta,media,media
915,7391,media,alta,False,1/3,2-1 (alta-media),,alta,alta,media
920,5519,media,media,True,2/3,1-2 (alta-media),,media,alta,media
936,3086,alta,alta,True,1/3,1-2 (alta-media),,media,alta,media
937,5905,media,media,True,2/3,1-2 (alta-media),,alta,media,media
938,18719,alta,alta,True,2/3,2-1 (alta-media),,alta,alta,media
939,5875,media,alta,False,1/3,2-1 (alta-media),,media,alta,alta
941,10792,alta,alta,True,2/3,2-1 (alta-media),,alta,alta,media
947,15975,alta,alta,True,2/3,2-1 (alta-media),,media,alta,alta
949,12349,media,media,True,2/3,1-2 (alta-media),,media,alta,media
950,18707,media,media,True,2/3,1-2 (alta-media),,alta,media,media
951,18538,media,media,True,2/3,1-2 (alta-media),,alta,media,media
954,4108,media,media,True,2/3,1-2 (alta-media),,alta,media,media
955,18239,media,media,True,2/3,1-2 (alta-media),,alta,media,media
956,12260,media,media,True,2/3,1-2 (alta-media),,alta,media,media
957,14002,alta,media,False,1/3,1-2 (alta-media),,alta,media,media
960,12586,alta,alta,True,2/3,2-1 (alta-media),,media,alta,alta
968,15582,alta,alta,True,2/3,2-1 (alta-media),,media,alta,alta
970,7038,media,media,True,2/3,1-2 (alta-media),,alta,media,media
971,1929,media,media,True,2/3,1-2 (alta-media),,alta,media,media
972,16450,media,media,True,2/3,1-2 (alta-media),,alta,media,media
978,13978,media,media,True,2/3,1-2 (alta-media),,media,alta,media
979,16297,media,media,True,2/3,1-2 (alta-media),,media,alta,media
982,7466,alta,media,False,2/3,2-1 (alta-media),,alta,alta,media
992,16300,alta,alta,True,2/3,2-1 (alta-media),,media,alta,alta
996,16341,alta,alta,True,2/3,2-1 (alta-media),,alta,alta,media
1002,9665,alta,media,False,1/3,1-2 (alta-media),,alta,media,media
1005,14979,alta,alta,True,2/3,2-1 (alta-media),,media,alta,alta
1009,5077,alta,alta,True,2/3,2-1 (alta-media),,media,alta,alta
1012,10029,media,media,True,2/3,1-2 (alta-media),,alta,media,media
1014,7879,media,media,True,2/3,1-2 (alta-media),,alta,media,media
1016,12793,alta,media,False,1/3,1-2 (alta-media),,alta,media,media
1020,1986,media,media,True,2/3,1-2 (alta-media),,alta,media,media
1022,18876,media,media,True,2/3,1-2 (alta-media),,media,alta,media
1025,14264,media,alta,False,2/3,1-2 (alta-media),,media,alta,media
1028,10416,alta,alta,True,2/3,2-1 (alta-media),,media,alta,alta
1036,9918,media,media,True,2/3,1-2 (alta-media),,alta,media,media
1040,16359,media,alta,False,2/3,1-2 (alta-media),,alta,media,media
1045,153,media,alta,False,1/3,2-1 (alta-media),,alta,alta,media
1046,6015,alta,media,False,1/3,1-2 (alta-media),,alta,media,media
1052,1571,alta,alta,True,2/3,2-1 (alta-media),,media,alta,alta
1054,9318,alta,alta,True,2/3,2-1 (alta-media),,media,alta,alta
1055,7060,media,media,True,2/3,1-2 (alta-media),,alta,media,media
1056,8527,alta,media,False,2/3,2-1 (alta-media),,media,alta,alta
1057,18633,media,media,True,2/3,1-2 (alta-media),,alta,media,media
1059,10054,alta,media,False,1/3,1-2 (alta-media),,alta,media,media
1067,4843,alta,alta,True,2/3,2-1 (alta-media),,media,alta,alta
1072,9869,alta,alta,True,2/3,2-1 (alta-media),,media,alta,alta
1078,240,media,media,True,2/3,1-2 (alta-media),,alta,media,media
1080,3874,alta,alta,True,2/3,2-1 (alta-media),,media,alta,alta
1085,6317,media,media,True,2/3,1-2 (alta-media),,alta,media,media
1086,13419,media,media,True,2/3,1-2 (alta-media),,alta,media,media
1087,14647,media,media,True,2/3,1-2 (alta-media),,alta,media,media
1088,18236,media,alta,False,1/3,2-1 (alta-media),,alta,alta,media
1089,5761,media,media,True,2/3,1-2 (alta-media),,alta,media,media
1090,17341,alta,alta,True,2/3,2-1 (alta-media),,media,alta,alta
1091,7037,media,alta,False,1/3,2-1 (alta-media),,alta,alta,media
1093,10008,alta,alta,True,2/3,2-1 (alta-media),,media,alta,alta
1095,1243,media,media,True,2/3,1-2 (alta-media),,alta,media,media
1097,12491,alta,alta,True,2/3,2-1 (alta-media),,media,alta,alta
1103,15357,alta,alta,True,2/3,2-1 (alta-media),,media,alta,alta
1106,4573,media,media,True,2/3,1-2 (alta-media),,alta,media,media
1109,18858,media,media,True,2/3,1-2 (alta-media),,alta,media,media
1112,10964,media,media,True,2/3,1-2 (alta-media),,alta,media,media
1113,12927,media,media,True,2/3,1-2 (alta-media),,alta,media,media
1115,169,media,media,True,2/3,1-2 (alta-media),,alta,media,media
1117,1058,media,media,True,2/3,1-2 (alta-media),,alta,media,media
1119,18308,media,media,True,2/3,1-2 (alta-media),,alta,media,media
1125,17931,media,media,True,2/3,1-2 (alta-media),,alta,media,media
1126,10679,alta,alta,True,2/3,2-1 (alta-media),,media,alta,alta
1127,7979,media,media,True,2/3,1-2 (alta-media),,alta,media,media
1130,5502,alta,alta,True,2/3,2-1 (alta-media),,alta,alta,media
1132,9520,media,media,True,2/3,1-2 (alta-media),,alta,media,media
1133,7811,alta,alta,True,2/3,2-1 (alta-media),,alta,alta,media
1134,17296,media,media,True,2/3,1-2 (alta-media),,alta,media,media
1135,33,alta,alta,True,2/3,2-1 (alta-media),,media,alta,alta
1136,3636,alta,media,False,1/3,1-2 (alta-media),,alta,media,media
1139,16814,media,media,True,2/3,1-2 (alta-media),,alta,media,media
1143,13716,alta,alta,True,2/3,2-1 (alta-media),,alta,alta,media
1145,13594,media,media,True,2/3,1-2 (alta-media),,alta,media,media
1146,5777,media,alta,False,1/3,2-1 (alta-media),,alta,alta,media
1149,18497,media,media,True,2/3,1-2 (alta-media),,alta,media,media
1155,1791,alta,alta,True,2/3,2-1 (alta-media),,media,alta,alta
1158,12210,media,media,True,2/3,1-2 (alta-media),,alta,media,media
1166,6759,media,media,True,2/3,1-2 (alta-media),,alta,media,media
1174,11570,media,alta,False,1/3,2-1 (alta-media),,alta,alta,media
1177,5416,media,media,True,2/3,1-2 (alta-media),,alta,media,media
1183,13003,alta,alta,True,2/3,2-1 (alta-media),,media,alta,alta
1185,6014,alta,alta,True,2/3,2-1 (alta-media),,media,alta,alta
1188,2973,media,media,True,2/3,1-2 (alta-media),,alta,media,media
1192,12217,media,alta,False,1/3,2-1 (alta-media),,alta,alta,media
1197,17895,media,alta,False,1/3,2-1 (alta-media),,alta,alta,media
1199,1257,alta,alta,True,2/3,2-1 (alta-media),,media,alta,alta
1201,8714,media,alta,False,1/3,2-1 (alta-media),,alta,alta,media
1205,8222,media,alta,False,1/3,2-1 (alta-media),,media,alta,alta
1209,13484,media,media,True,2/3,1-2 (alta-media),,media,alta,media
1211,5536,media,media,True,2/3,1-2 (alta-media),,alta,media,media
1217,5858,media,media,True,2/3,1-2 (alta-media),,alta,media,media
1219,3035,media,media,True,2/3,1-2 (alta-media),,alta,media,media
1224,15443,media,media,True,2/3,1-2 (alta-media),,media,alta,media
1225,18111,alta,media,False,2/3,2-1 (alta-media),,alta,alta,media
1226,1368,media,media,True,2/3,1-2 (alta-media),,media,alta,media
1231,9054,media,media,True,2/3,1-2 (alta-media),,alta,media,media
1233,15997,media,media,True,2/3,1-2 (alta-media),,alta,media,media
1235,13342,media,media,True,2/3,1-2 (alta-media),,alta,media,media
1236,7203,media,media,True,2/3,1-2 (alta-media),,alta,media,media
1240,14961,alta,alta,True,2/3,2-1 (alta-media),,media,alta,alta
1245,1634,alta,media,False,1/3,1-2 (alta-media),,alta,media,media
1246,5856,alta,alta,True,2/3,2-1 (alta-media),,media,alta,alta
1247,18889,media,media,True,2/3,1-2 (alta-media),,alta,media,media
1254,9670,media,media,True,2/3,1-2 (alta-media),,alta,media,media
1255,13754,alta,alta,True,2/3,2-1 (alta-media),,media,alta,alta
1256,4265,media,media,True,2/3,1-2 (alta-media),,alta,media,media
1261,17326,media,media,True,2/3,1-2 (alta-media),,alta,media,media
1265,10461,media,alta,False,1/3,2-1 (alta-media),,media,alta,alta
1269,2821,media,media,True,1/3,2-1 (alta-media),,media,alta,alta
1272,12429,media,media,True,2/3,1-2 (alta-media),,alta,media,media
1276,12827,media,media,True,2/3,1-2 (alta-media),,alta,media,media
1277,5382,alta,alta,True,1/3,1-2 (alta-media),,alta,media,media
1281,16964,media,media,True,2/3,1-2 (alta-media),,alta,media,media
1300,16734,alta,alta,True,2/3,2-1 (alta-media),,media,alta,alta
1302,11102,media,media,True,2/3,1-2 (alta-media),,alta,media,media
1303,3089,media,media,True,2/3,1-2 (alta-media),,alta,media,media
1304,15120,media,alta,False,1/3,2-1 (alta-media),,alta,alta,media
1306,14714,media,alta,False,1/3,2-1 (alta-media),,alta,alta,media
1312,10520,alta,media,False,2/3,2-1 (alta-media),,media,alta,alta
1315,15203,alta,alta,True,2/3,2-1 (alta-media),,media,alta,alta
1329,4918,alta,alta,True,2/3,2-1 (alta-media),,alta,alta,media
1330,7665,media,alta,False,1/3,2-1 (alta-media),,media,alta,alta
1336,8654,media,media,True,2/3,1-2 (alta-media),,alta,media,media
1338,11046,alta,alta,True,2/3,2-1 (alta-media),,alta,alta,media
1340,17897,media,media,True,2/3,1-2 (alta-media),,alta,media,media
1344,9826,media,media,True,2/3,1-2 (alta-media),,alta,media,media
1345,11710,alta,alta,True,2/3,2-1 (alta-media),,alta,alta,media
1346,6222,media,media,True,2/3,1-2 (alta-media),,alta,media,media
1355,14742,media,media,True,2/3,1-2 (alta-media),,alta,media,media
1356,17589,alta,alta,True,1/3,1-2 (alta-media),,media,alta,media
1359,6651,media,media,True,2/3,1-2 (alta-media),,media,alta,media
1361,1360,alta,media,False,1/3,1-2 (alta-media),,alta,media,media
1362,903,media,media,True,2/3,1-2 (alta-media),,alta,media,media
1365,15152,alta,media,False,1/3,1-2 (alta-media),,alta,media,media
1372,17119,media,media,True,2/3,1-2 (alta-media),,alta,media,media
1377,10717,media,media,True,2/3,1-2 (alta-media),,alta,media,media
1380,7929,alta,alta,True,2/3,2-1 (alta-media),,alta,alta,media
1387,9972,alta,alta,True,2/3,2-1 (alta-media),,media,alta,alta
1392,13347,alta,media,False,1/3,1-2 (alta-media),,alta,media,media
1398,7376,alta,alta,True,2/3,2-1 (alta-media),,media,alta,alta
1399,9118,media,alta,False,1/3,2-1 (alta-media),,media,alta,alta
1401,4414,media,media,True,2/3,1-2 (alta-media),,alta,media,media
1408,1156,media,media,True,2/3,1-2 (alta-media),,alta,media,media
1410,16345,media,alta,False,1/3,2-1 (alta-media),,media,alta,alta
1411,9368,media,media,True,2/3,1-2 (alta-media),,alta,media,media
1412,17826,media,alta,False,1/3,2-1 (alta-media),,alta,alta,media
1414,8940,media,media,True,2/3,1-2 (alta-media),,alta,media,media
1415,4032,alta,media,False,2/3,2-1 (alta-media),,alta,alta,media
1422,5311,media,media,True,2/3,1-2 (alta-media),,alta,media,media
1423,9822,alta,media,False,1/3,1-2 (alta-media),,alta,media,media
1427,11593,media,media,True,2/3,1-2 (alta-media),,alta,media,media
1430,15954,alta,media,False,1/3,1-2 (alta-media),,media,alta,media
1435,3893,alta,alta,True,2/3,2-1 (alta-media),,alta,alta,media
1437,2148,media,media,True,2/3,1-2 (alta-media),,media,alta,media
1439,9359,media,media,True,2/3,1-2 (alta-media),,alta,media,media
1446,14257,alta,alta,True,2/3,2-1 (alta-media),,media,alta,alta
1447,15535,media,media,True,2/3,1-2 (alta-media),,alta,media,media
1450,8210,alta,alta,True,1/3,1-2 (alta-media),,media,alta,media
1457,7250,alta,alta,True,2/3,2-1 (alta-media),,media,alta,alta
1459,6948,media,media,True,2/3,1-2 (alta-media),,alta,media,media
1467,17877,alta,alta,True,2/3,2-1 (alta-media),,media,alta,alta
1472,3186,alta,media,False,1/3,1-2 (alta-media),,alta,media,media
1473,13550,media,media,True,2/3,1-2 (alta-media),,alta,media,media
1475,13656,media,media,True,2/3,1-2 (alta-media),,alta,media,media
1478,18319,media,media,True,2/3,1-2 (alta-media),,alta,media,media
1481,10823,media,alta,False,1/3,2-1 (alta-media),,alta,alta,media
1485,18581,media,media,True,2/3,1-2 (alta-media),,alta,media,media
1488,3859,media,media,True,2/3,1-2 (alta-media),,alta,media,media
1489,1933,alta,alta,True,2/3,2-1 (alta-media),,alta,media,alta
1494,12734,alta,alta,True,1/3,1-2 (alta-media),,media,alta,media
1496,13344,media,alta,False,1/3,2-1 (alta-media),,alta,alta,media
1497,16100,alta,media,False,1/3,1-2 (alta-media),,media,alta,media
1498,3681,media,media,True,2/3,1-2 (alta-media),,alta,media,media
1499,11619,alta,alta,True,2/3,2-1 (alta-media),,media,alta,alta
1501,11342,media,alta,False,2/3,1-2 (alta-media),,alta,media,media
1511,11902,alta,alta,True,2/3,2-1 (alta-media),,alta,alta,media
1515,16494,alta,alta,True,2/3,2-1 (alta-media),,media,alta,alta
1516,5262,media,media,True,2/3,1-2 (alta-media),,alta,media,media
1519,3506,media,alta,False,1/3,2-1 (alta-media),,alta,alta,media
1520,15877,media,media,True,2/3,1-2 (alta-media),,alta,media,media
1527,4409,media,alta,False,1/3,2-1 (alta-media),,alta,alta,media
1532,9311,alta,media,False,1/3,1-2 (alta-media),,alta,media,media
1535,10943,media,media,True,2/3,1-2 (alta-media),,media,alta,media
1536,10626,media,media,True,2/3,1-2 (alta-media),,alta,media,media
1539,18128,media,media,True,2/3,1-2 (alta-media),,alta,media,media
1540,17577,media,media,True,2/3,1-2 (alta-media),,alta,media,media
1544,1835,media,alta,False,1/3,2-1 (alta-media),,media,alta,alta
1545,4123,alta,media,False,1/3,1-2 (alta-media),,media,alta,media
1561,13668,media,media,True,2/3,1-2 (alta-media),,alta,media,media
1562,13589,media,media,True,2/3,1-2 (alta-media),,alta,media,media
1563,7257,media,media,True,2/3,1-2 (alta-media),,alta,media,media
1571,12736,media,media,True,2/3,1-2 (alta-media),,alta,media,media
1572,1404,media,alta,False,1/3,2-1 (alta-media),,alta,alta,media
1573,42,alta,alta,True,2/3,2-1 (alta-media),,media,alta,alta
1580,2248,alta,alta,True,2/3,2-1 (alta-media),,media,alta,alta
1582,12529,media,media,True,2/3,1-2 (alta-media),,alta,media,media
1583,13884,media,media,True,2/3,1-2 (alta-media),,alta,media,media
1584,161,media,media,True,2/3,1-2 (alta-media),,alta,media,media
1585,13726,media,alta,False,2/3,1-2 (alta-media),,media,alta,media
1586,8406,media,media,True,2/3,1-2 (alta-media),,alta,media,media
1587,1619,media,media,True,2/3,1-2 (alta-media),,alta,media,media
1588,16548,media,media,True,2/3,1-2 (alta-media),,alta,media,media
1593,7489,media,media,True,2/3,1-2 (alta-media),,alta,media,media
1597,16880,alta,alta,True,2/3,2-1 (alta-media),,media,alta,alta
1600,7645,media,media,True,2/3,1-2 (alta-media),,alta,media,media
1608,7105,media,media,True,2/3,1-2 (alta-media),,alta,media,media
1613,3399,media,alta,False,1/3,2-1 (alta-media),,alta,alta,media
1621,344,alta,alta,True,2/3,2-1 (alta-media),,media,alta,alta
1622,16082,media,media,True,2/3,1-2 (alta-media),,alta,media,media
1628,4669,media,alta,False,1/3,2-1 (alta-media),,alta,alta,media
1634,6130,media,media,True,2/3,1-2 (alta-media),,alta,media,media
1639,8478,media,media,True,2/3,1-2 (alta-media),,alta,media,media
1641,1199,media,media,True,2/3,1-2 (alta-media),,alta,media,media
1644,10929,alta,media,False,1/3,1-2 (alta-media),,media,alta,media
1649,18360,media,media,True,2/3,1-2 (alta-media),,alta,media,media
1650,15549,media,media,True,2/3,1-2 (alta-media),,media,alta,media
1655,10598,media,media,True,2/3,1-2 (alta-media),,alta,media,media
1657,1937,alta,alta,True,2/3,2-1 (alta-media),,media,alta,alta
1658,3666,media,media,True,2/3,1-2 (alta-media),,alta,media,media
1663,16958,media,alta,False,1/3,2-1 (alta-media),,alta,media,alta
1670,16711,alta,alta,True,2/3,2-1 (alta-media),,media,alta,alta
1671,7157,alta,alta,True,2/3,2-1 (alta-media),,alta,alta,media
1672,7837,media,alta,False,1/3,2-1 (alta-media),,media,alta,alta
1678,16263,alta,media,False,1/3,1-2 (alta-media),,media,alta,media
1683,1237,alta,alta,True,2/3,2-1 (alta-media),,media,alta,alta
1684,13709,alta,alta,True,2/3,2-1 (alta-media),,media,alta,alta
1685,10890,media,media,True,2/3,1-2 (alta-media),,alta,media,media
1687,10138,media,media,True,2/3,1-2 (alta-media),,media,alta,media
1690,1780,alta,alta,True,2/3,2-1 (alta-media),,media,alta,alta
1691,7464,media,media,True,2/3,1-2 (alta-media),,alta,media,media
1694,13627,media,media,True,2/3,1-2 (alta-media),,alta,media,media
1697,1419,media,alta,False,1/3,2-1 (alta-media),,media,alta,alta
1698,13967,media,media,True,2/3,1-2 (alta-media),,alta,media,media
1699,5503,alta,alta,True,2/3,2-1 (alta-media),,media,alta,alta
1703,16913,media,media,True,2/3,1-2 (alta-media),,media,alta,media
1713,7003,media,media,True,2/3,1-2 (alta-media),,alta,media,media
1716,6944,alta,alta,True,2/3,2-1 (alta-media),,media,alta,alta
1718,18403,media,media,True,2/3,1-2 (alta-media),,alta,media,media
1719,17580,media,media,True,2/3,1-2 (alta-media),,alta,media,media
1720,12778,media,media,True,2/3,1-2 (alta-media),,alta,media,media
1731,18910,media,media,True,2/3,1-2 (alta-media),,alta,media,media
1732,16694,alta,alta,True,2/3,2-1 (alta-media),,media,alta,alta
1742,11396,media,alta,False,1/3,2-1 (alta-media),,alta,alta,media
1744,8577,media,media,True,2/3,1-2 (alta-media),,alta,media,media
1749,6625,alta,media,False,1/3,1-2 (alta-media),,alta,media,media
1751,12777,media,media,True,2/3,1-2 (alta-media),,alta,media,media
1753,3282,alta,alta,True,2/3,2-1 (alta-media),,alta,alta,media
1756,14848,alta,media,False,1/3,1-2 (alta-media),,media,alta,media
1761,4438,media,media,True,2/3,1-2 (alta-media),,alta,media,media
1763,13243,media,media,True,2/3,1-2 (alta-media),,alta,media,media
1770,14613,media,media,True,2/3,1-2 (alta-media),,alta,media,media
1772,3534,alta,alta,True,2/3,2-1 (alta-media),,alta,alta,media
1773,7596,alta,alta,True,2/3,2-1 (alta-media),,alta,alta,media
1780,8922,alta,media,False,1/3,1-2 (alta-media),,media,alta,media
1790,7044,media,media,True,2/3,1-2 (alta-media),,alta,media,media
1791,18054,media,media,True,2/3,1-2 (alta-media),,alta,media,media
1793,6539,alta,alta,True,2/3,2-1 (alta-media),,media,alta,alta
1796,1507,alta,media,False,1/3,1-2 (alta-media),,alta,media,media
1801,7339,media,media,True,2/3,1-2 (alta-media),,alta,media,media
1802,1017,alta,alta,True,2/3,2-1 (alta-media),,alta,alta,media
1804,2724,media,media,True,2/3,1-2 (alta-media),,media,alta,media
1807,6994,media,media,True,2/3,1-2 (alta-media),,alta,media,media
1816,3472,media,media,True,2/3,1-2 (alta-media),,alta,media,media
1819,17743,media,alta,False,1/3,2-1 (alta-media),,media,alta,alta
1820,2536,media,media,True,2/3,1-2 (alta-media),,alta,media,media
1827,7421,media,alta,False,1/3,2-1 (alta-media),,alta,alta,media
1828,5888,media,media,True,2/3,1-2 (alta-media),,alta,media,media
1831,10428,media,media,True,2/3,1-2 (alta-media),,alta,media,media
1832,606,media,media,True,2/3,1-2 (alta-media),,alta,media,media
1839,14046,media,media,True,2/3,1-2 (alta-media),,alta,media,media
1842,11183,media,media,True,2/3,1-2 (alta-media),,alta,media,media
1844,13926,media,media,True,2/3,1-2 (alta-media),,alta,media,media
1855,14889,alta,alta,True,2/3,2-1 (alta-media),,media,alta,alta
1866,7090,media,media,True,2/3,1-2 (alta-media),,alta,media,media
1867,18296,alta,alta,True,2/3,2-1 (alta-media),,media,alta,alta
1868,12265,media,media,True,2/3,1-2 (alta-media),,media,alta,media
1869,1852,media,alta,False,1/3,2-1 (alta-media),,media,alta,alta
1873,7962,media,media,True,2/3,1-2 (alta-media),,alta,media,media
1883,15320,media,media,True,2/3,1-2 (alta-media),,alta,media,media
1884,15395,alta,media,False,1/3,1-2 (alta-media),,media,alta,media
1885,7041,media,media,True,2/3,1-2 (alta-media),,alta,media,media
1891,8419,media,media,True,2/3,1-2 (alta-media),,alta,media,media
1894,11678,media,media,True,2/3,1-2 (alta-media),,alta,media,media
1902,8251,alta,alta,True,2/3,2-1 (alta-media),,media,alta,alta
1903,7692,media,media,True,2/3,1-2 (alta-media),,alta,media,media
1909,3704,alta,alta,True,2/3,2-1 (alta-media),,media,alta,alta
1912,18355,media,media,True,2/3,1-2 (alta-media),,alta,media,media
1913,18200,media,alta,False,1/3,2-1 (alta-media),,alta,alta,media
1918,2121,media,alta,False,1/3,2-1 (alta-media),,alta,alta,media
1919,5204,media,media,True,2/3,1-2 (alta-media),,alta,media,media
1929,13031,media,media,True,2/3,1-2 (alta-media),,alta,media,media
1931,6374,alta,media,False,1/3,1-2 (alta-media),,alta,media,media
1939,8671,alta,alta,True,2/3,2-1 (alta-media),,media,alta,alta
1943,4805,media,media,True,2/3,1-2 (alta-media),,alta,media,media
1947,6408,alta,media,False,1/3,1-2 (alta-media),,alta,media,media
1950,5895,alta,alta,True,2/3,2-1 (alta-media),,media,alta,alta
1953,6227,media,alta,False,1/3,2-1 (alta-media),,media,alta,alta
1961,18508,media,media,True,2/3,1-2 (alta-media),,alta,media,media
1965,14601,media,alta,False,1/3,2-1 (alta-media),,media,alta,alta
1971,4519,media,media,True,2/3,1-2 (alta-media),,media,alta,media
1977,6582,media,media,True,2/3,1-2 (alta-media),,media,alta,media
1983,3802,alta,media,False,1/3,1-2 (alta-media),,media,alta,media
1990,4066,alta,alta,True,2/3,2-1 (alta-media),,media,alta,alta
1993,3137,alta,alta,True,2/3,2-1 (alta-media),,alta,media,alta
2003,2017,media,media,True,2/3,1-2 (alta-media),,alta,media,media
2005,13664,media,media,True,2/3,1-2 (alta-media),,alta,media,media
2019,10352,alta,alta,True,2/3,2-1 (alta-media),,media,alta,alta
2026,14149,media,media,True,2/3,1-2 (alta-media),,alta,media,media
2033,9824,media,alta,False,1/3,2-1 (alta-media),,alta,alta,media
2035,8662,alta,media,False,1/3,1-2 (alta-media),,media,alta,media
2036,3920,media,media,True,2/3,1-2 (alta-media),,media,alta,media
2037,13064,alta,alta,True,2/3,2-1 (alta-media),,media,alta,alta
2049,13412,media,media,True,2/3,1-2 (alta-media),,alta,media,media
2052,9991,media,media,True,2/3,1-2 (alta-media),,alta,media,media
2054,13610,alta,alta,True,2/3,2-1 (alta-media),,media,alta,alta
2058,15304,media,media,True,2/3,1-2 (alta-media),,media,alta,media
2059,12105,alta,media,False,1/3,1-2 (alta-media),,alta,media,media
2061,3914,media,media,True,2/3,1-2 (alta-media),,alta,media,media
2063,17065,alta,media,False,1/3,1-2 (alta-media),,alta,media,media
2069,5155,media,media,True,2/3,1-2 (alta-media),,alta,media,media
2071,10810,media,media,True,2/3,1-2 (alta-media),,alta,media,media
2073,9664,alta,alta,True,2/3,2-1 (alta-media),,alta,alta,media
2088,11401,media,media,True,2/3,1-2 (alta-media),,media,alta,media
2090,18495,media,media,True,2/3,1-2 (alta-media),,media,alta,media
2091,17430,media,media,True,2/3,1-2 (alta-media),,media,alta,media
2092,13028,alta,alta,True,2/3,2-1 (alta-media),,media,alta,alta
2099,12176,media,media,True,2/3,1-2 (alta-media),,alta,media,media
2100,3306,alta,alta,True,2/3,2-1 (alta-media),,media,alta,alta
2101,10432,media,media,True,2/3,1-2 (alta-media),,alta,media,media
2102,12327,media,media,True,2/3,1-2 (alta-media),,media,alta,media
2103,9718,media,media,True,2/3,1-2 (alta-media),,alta,media,media
2107,1277,media,media,True,2/3,1-2 (alta-media),,alta,media,media
2108,9912,alta,alta,True,2/3,2-1 (alta-media),,media,alta,alta
2123,11909,media,alta,False,1/3,2-1 (alta-media),,alta,alta,media
2127,2785,media,media,True,2/3,1-2 (alta-media),,media,alta,media
2138,8832,alta,alta,True,2/3,2-1 (alta-media),,media,alta,alta
2143,15184,media,media,True,2/3,1-2 (alta-media),,alta,media,media
2147,17942,media,media,True,2/3,1-2 (alta-media),,alta,media,media
2150,11079,alta,alta,True,2/3,2-1 (alta-media),,media,alta,alta
2154,3129,media,media,True,2/3,1-2 (alta-media),,alta,media,media
2155,15075,media,media,True,2/3,1-2 (alta-media),,media,alta,media
2160,3503,media,alta,False,1/3,2-1 (alta-media),,alta,alta,media
2166,3560,media,media,True,2/3,1-2 (alta-media),,alta,media,media
2168,4824,media,media,True,2/3,1-2 (alta-media),,alta,media,media
2173,18254,media,media,True,2/3,1-2 (alta-media),,alta,media,media
2176,7556,media,media,True,2/3,1-2 (alta-media),,alta,media,media
2177,6331,media,media,True,2/3,1-2 (alta-media),,alta,media,media
2189,10570,alta,alta,True,2/3,2-1 (alta-media),,media,alta,alta
2202,1467,media,media,True,2/3,1-2 (alta-media),,alta,media,media
2204,1555,alta,alta,True,2/3,2-1 (alta-media),,media,alta,alta
2213,17193,media,alta,False,1/3,2-1 (alta-media),,media,alta,alta
2217,11579,alta,alta,True,2/3,2-1 (alta-media),,media,alta,alta
2218,12690,media,media,True,2/3,1-2 (alta-media),,alta,media,media
2219,3417,alta,media,False,1/3,1-2 (alta-media),,media,alta,media
2222,18150,media,media,True,2/3,1-2 (alta-media),,alta,media,media
2223,6412,alta,media,False,1/3,1-2 (alta-media),,media,alta,media
2234,5238,alta,alta,True,2/3,2-1 (alta-media),,media,alta,alta
2237,9128,alta,media,False,1/3,1-2 (alta-media),,alta,media,media
2238,15080,media,alta,False,2/3,1-2 (alta-media),,media,alta,media
2240,17750,alta,alta,True,2/3,2-1 (alta-media),,alta,alta,media
2244,4462,alta,alta,True,2/3,2-1 (alta-media),,alta,alta,media
2247,6774,alta,alta,True,2/3,2-1 (alta-media),,media,alta,alta
2249,13678,alta,media,False,1/3,1-2 (alta-media),,alta,media,media
2252,6148,alta,alta,True,2/3,2-1 (alta-media),,media,alta,alta
2253,8866,media,media,True,2/3,1-2 (alta-media),,alta,media,media
2261,7167,media,media,True,2/3,1-2 (alta-media),,alta,media,media
2262,16658,alta,alta,True,2/3,2-1 (alta-media),,media,alta,alta
2263,18456,media,media,True,2/3,1-2 (alta-media),,alta,media,media
2267,11730,media,media,True,2/3,1-2 (alta-media),,alta,media,media
2272,6709,alta,alta,True,2/3,2-1 (alta-media),,media,alta,alta
2279,14125,media,media,True,2/3,1-2 (alta-media),,alta,media,media
2289,585,media,media,True,2/3,1-2 (alta-media),,alta,media,media
2292,13951,alta,alta,True,2/3,2-1 (alta-media),,alta,alta,media
2293,12367,media,media,True,2/3,1-2 (alta-media),,alta,media,media
2301,15848,media,alta,False,1/3,2-1 (alta-media),,media,alta,alta
2307,15506,media,media,True,2/3,1-2 (alta-media),,alta,media,media
2308,618,alta,alta,True,2/3,2-1 (alta-media),,media,alta,alta
2320,4660,alta,alta,True,2/3,2-1 (alta-media),,alta,alta,media
2321,14337,media,media,True,2/3,1-2 (alta-media),,alta,media,media
2324,2983,media,media,True,2/3,1-2 (alta-media),,media,alta,media
2327,350,media,alta,False,1/3,2-1 (alta-media),,alta,alta,media
2331,17457,media,alta,False,1/3,2-1 (alta-media),,media,alta,alta
2334,15964,alta,alta,True,2/3,2-1 (alta-media),,media,alta,alta
2339,9555,media,alta,False,1/3,2-1 (alta-media),,alta,alta,media
2342,14328,media,media,True,2/3,1-2 (alta-media),,media,alta,media
2343,2491,alta,alta,True,2/3,2-1 (alta-media),,media,alta,alta
2344,12866,alta,alta,True,1/3,1-2 (alta-media),,alta,media,media
2346,5175,media,media,True,2/3,1-2 (alta-media),,alta,media,media
2358,194,alta,media,False,1/3,1-2 (alta-media),,media,alta,media
2363,11689,alta,alta,True,2/3,2-1 (alta-media),,media,alta,alta
2370,12287,media,media,True,2/3,1-2 (alta-media),,alta,media,media
2372,1445,alta,alta,True,2/3,2-1 (alta-media),,media,alta,alta
2375,1449,media,media,True,2/3,1-2 (alta-media),,alta,media,media
2378,10736,alta,alta,True,2/3,2-1 (alta-media),,media,alta,alta
2380,15615,media,media,True,2/3,1-2 (alta-media),,media,alta,media
2390,7753,alta,alta,True,2/3,2-1 (alta-media),,alta,alta,media
2391,12825,media,media,True,2/3,1-2 (alta-media),,alta,media,media
2393,10953,media,media,True,2/3,1-2 (alta-media),,alta,media,media
2406,16942,media,media,True,2/3,1-2 (alta-media),,alta,media,media
2411,11344,media,media,True,2/3,1-2 (alta-media),,alta,media,media
2420,16983,media,media,True,2/3,1-2 (alta-media),,alta,media,media
2424,3307,media,media,True,2/3,1-2 (alta-media),,alta,media,media
2431,16067,alta,alta,True,2/3,2-1 (alta-media),,media,alta,alta
2436,17334,alta,alta,True,2/3,2-1 (alta-media),,media,alta,alta
2437,12322,media,media,True,2/3,1-2 (alta-media),,alta,media,media
2438,14951,media,media,True,2/3,1-2 (alta-media),,alta,media,media
2444,18570,media,media,True,2/3,1-2 (alta-media),,alta,media,media
2446,3615,media,media,True,2/3,1-2 (alta-media),,alta,media,media
2448,16996,media,alta,False,1/3,2-1 (alta-media),,alta,alta,media
2449,2034,alta,alta,True,2/3,2-1 (alta-media),,alta,alta,media
2451,2762,media,media,True,2/3,1-2 (alta-media),,alta,media,media
2454,940,alta,alta,True,2/3,2-1 (alta-media),,media,alta,alta
2459,12874,alta,media,False,1/3,1-2 (alta-media),,alta,media,media
2463,17632,media,alta,False,1/3,2-1 (alta-media),,media,alta,alta
2464,11408,alta,alta,True,2/3,2-1 (alta-media),,media,alta,alta
2466,2947,media,media,True,2/3,1-2 (alta-media),,alta,media,media
2467,14437,alta,media,False,1/3,1-2 (alta-media),,alta,media,media
2469,16177,media,media,True,2/3,1-2 (alta-media),,alta,media,media
2474,9671,media,media,True,2/3,1-2 (alta-media),,alta,media,media
2475,604,alta,alta,True,2/3,2-1 (alta-media),,media,alta,alta
2480,9068,media,media,True,2/3,1-2 (alta-media),,alta,media,media
2482,2760,alta,alta,True,2/3,2-1 (alta-media),,media,alta,alta
2483,17536,alta,alta,True,2/3,2-1 (alta-media),,alta,alta,media
2490,13254,alta,alta,True,2/3,2-1 (alta-media),,media,alta,alta
2491,13380,media,alta,False,1/3,2-1 (alta-media),,alta,alta,media
2493,2372,media,media,True,2/3,1-2 (alta-media),,alta,media,media
2495,17956,alta,media,False,1/3,1-2 (alta-media),,alta,media,media
2496,7669,media,media,True,2/3,1-2 (alta-media),,alta,media,media
2500,5323,media,media,True,2/3,1-2 (alta-media),,alta,media,media
2503,15346,alta,alta,True,2/3,2-1 (alta-media),,media,alta,alta
2507,8479,media,media,True,2/3,1-2 (alta-media),,alta,media,media
2514,439,media,alta,False,1/3,2-1 (alta-media),,alta,alta,media
2518,3382,alta,alta,True,2/3,2-1 (alta-media),,alta,alta,media
2522,7197,media,media,True,2/3,1-2 (alta-media),,alta,media,media
2529,12565,media,media,True,2/3,1-2 (alta-media),,alta,media,media
2531,8826,media,media,True,2/3,1-2 (alta-media),,alta,media,media
2536,13677,media,media,True,2/3,1-2 (alta-media),,alta,media,media
2537,4927,media,media,True,2/3,1-2 (alta-media),,alta,media,media
2542,18009,media,media,True,2/3,1-2 (alta-media),,alta,media,media
2543,10908,media,media,True,2/3,1-2 (alta-media),,media,alta,media
2546,5706,alta,alta,True,2/3,2-1 (alta-media),,media,alta,alta
2547,15621,media,media,True,2/3,1-2 (alta-media),,media,alta,media
2550,16157,media,media,True,2/3,1-2 (alta-media),,alta,media,media
2556,14090,media,media,True,2/3,1-2 (alta-media),,alta,media,media
2558,9491,media,media,True,2/3,1-2 (alta-media),,media,alta,media
2567,12352,media,media,True,2/3,1-2 (alta-media),,media,alta,media
2571,15266,media,media,True,2/3,1-2 (alta-media),,media,alta,media
2579,18261,media,media,True,2/3,1-2 (alta-media),,alta,media,media
2585,10115,alta,alta,True,2/3,2-1 (alta-media),,media,alta,alta
2587,4636,media,media,True,2/3,1-2 (alta-media),,media,alta,media
2588,9455,media,media,True,2/3,1-2 (alta-media),,media,alta,media
2591,420,media,alta,False,1/3,2-1 (alta-media),,alta,alta,media
2595,15053,media,media,True,2/3,1-2 (alta-media),,alta,media,media
2597,7162,media,media,True,2/3,1-2 (alta-media),,alta,media,media
2600,4207,media,media,True,1/3,2-1 (alta-media),,alta,alta,media
2614,12920,media,media,True,2/3,1-2 (alta-media),,alta,media,media
2618,11467,media,media,True,2/3,1-2 (alta-media),,alta,media,media
2620,13687,media,media,True,2/3,1-2 (alta-media),,alta,media,media
2626,14114,media,media,True,2/3,1-2 (alta-media),,alta,media,media
2632,10410,alta,alta,True,2/3,2-1 (alta-media),,media,alta,alta
2635,6091,alta,alta,True,2/3,2-1 (alta-media),,alta,alta,media
2636,11737,media,media,True,2/3,1-2 (alta-media),,alta,media,media
2642,11523,media,media,True,1/3,2-1 (alta-media),,alta,alta,media
2643,10639,media,media,True,2/3,1-2 (alta-media),,alta,media,media
2655,14720,media,media,True,2/3,1-2 (alta-media),,alta,media,media
2658,18043,media,alta,False,1/3,2-1 (alta-media),,media,alta,alta
2662,16564,media,media,True,2/3,1-2 (alta-media),,alta,media,media
2665,11652,media,alta,False,1/3,2-1 (alta-media),,media,alta,alta
2668,227,media,media,True,2/3,1-2 (alta-media),,media,alta,media
2670,18464,media,media,True,2/3,1-2 (alta-media),,alta,media,media
2673,5095,media,media,True,2/3,1-2 (alta-media),,alta,media,media
2676,8044,media,media,True,2/3,1-2 (alta-media),,alta,media,media
2677,18524,media,media,True,2/3,1-2 (alta-media),,alta,media,media
2679,14615,media,media,True,2/3,1-2 (alta-media),,alta,media,media
2683,3016,alta,alta,True,2/3,2-1 (alta-media),,media,alta,alta
2693,15297,media,media,True,2/3,1-2 (alta-media),,alta,media,media
2694,17365,alta,alta,True,2/3,2-1 (alta-media),,media,alta,alta
2696,17298,alta,alta,True,2/3,2-1 (alta-media),,alta,alta,media
2709,6766,alta,media,False,1/3,1-2 (alta-media),,media,alta,media
2711,6368,alta,media,False,1/3,1-2 (alta-media),,alta,media,media
2712,18279,media,media,True,2/3,1-2 (alta-media),,alta,media,media
2714,9649,alta,alta,True,2/3,2-1 (alta-media),,media,alta,alta
2717,2434,alta,media,False,1/3,1-2 (alta-media),,media,alta,media
2718,10954,media,media,True,2/3,1-2 (alta-media),,media,alta,media
2730,12959,media,alta,False,1/3,2-1 (alta-media),,media,alta,alta
2733,13250,media,media,True,2/3,1-2 (alta-media),,alta,media,media
2734,1483,alta,alta,True,2/3,2-1 (alta-media),,media,alta,alta
2742,4626,media,media,True,2/3,1-2 (alta-media),,media,alta,media
2743,14718,media,media,True,2/3,1-2 (alta-media),,media,alta,media
2744,17915,alta,media,False,1/3,1-2 (alta-media),,media,alta,media
2745,13663,media,media,True,2/3,1-2 (alta-media),,alta,media,media
2748,5934,media,media,True,2/3,1-2 (alta-media),,alta,media,media
2749,1121,media,media,True,2/3,1-2 (alta-media),,alta,media,media
2750,18883,media,media,True,2/3,1-2 (alta-media),,alta,media,media
2759,9191,alta,alta,True,2/3,2-1 (alta-media),,alta,alta,media
2760,7080,media,media,True,2/3,1-2 (alta-media),,alta,media,media
2763,1476,media,media,True,2/3,1-2 (alta-media),,alta,media,media
2770,4922,media,alta,False,1/3,2-1 (alta-media),,media,alta,alta
2771,18380,alta,alta,True,2/3,2-1 (alta-media),,media,alta,alta
2776,9575,media,media,True,2/3,1-2 (alta-media),,alta,media,media
2777,10501,media,alta,False,1/3,2-1 (alta-media),,alta,alta,media
2778,14810,media,media,True,2/3,1-2 (alta-media),,media,alta,media
2783,14656,media,media,True,2/3,1-2 (alta-media),,alta,media,media
2789,12486,alta,alta,True,2/3,2-1 (alta-media),,media,alta,alta
2793,13359,media,media,True,2/3,1-2 (alta-media),,alta,media,media
2797,7635,media,media,True,2/3,1-2 (alta-media),,alta,media,media
2801,11356,alta,media,False,1/3,1-2 (alta-media),,alta,media,media
2803,3438,media,media,True,2/3,1-2 (alta-media),,alta,media,media
2808,10407,media,media,True,2/3,1-2 (alta-media),,alta,media,media
2810,15133,media,media,True,2/3,1-2 (alta-media),,alta,media,media
2811,9674,media,media,True,2/3,1-2 (alta-media),,alta,media,media
2817,15840,alta,alta,True,2/3,2-1 (alta-media),,media,alta,alta
2819,11048,media,media,True,2/3,1-2 (alta-media),,alta,media,media
2824,1514,alta,media,False,1/3,1-2 (alta-media),,media,alta,media
2827,3148,alta,alta,True,2/3,2-1 (alta-media),,media,alta,alta
2828,2987,media,media,True,2/3,1-2 (alta-media),,alta,media,media
2829,6850,media,media,True,2/3,1-2 (alta-media),,alta,media,media
2830,15526,media,media,True,2/3,1-2 (alta-media),,alta,media,media
2837,1872,alta,media,False,1/3,1-2 (alta-media),,media,alta,media
2839,3196,alta,media,False,1/3,1-2 (alta-media),,alta,media,media
2840,1692,media,media,True,2/3,1-2 (alta-media),,alta,media,media
2843,5788,alta,media,False,1/3,1-2 (alta-media),,alta,media,media
2844,14295,media,media,True,2/3,1-2 (alta-media),,alta,media,media
2860,14925,media,media,True,2/3,1-2 (alta-media),,alta,media,media
2864,4572,media,media,True,2/3,1-2 (alta-media),,alta,media,media
2866,13544,media,media,True,2/3,1-2 (alta-media),,alta,media,media
2867,5485,media,media,True,2/3,1-2 (alta-media),,alta,media,media
2868,1193,media,alta,False,2/3,1-2 (alta-media),,media,alta,media
2876,7263,media,media,True,2/3,1-2 (alta-media),,alta,media,media
2880,12656,media,media,True,2/3,1-2 (alta-media),,media,alta,media
2885,9397,media,media,True,2/3,1-2 (alta-media),,alta,media,media
2887,3921,media,media,True,2/3,1-2 (alta-media),,alta,media,media
2892,3759,alta,alta,True,2/3,2-1 (alta-media),,media,alta,alta
2894,5648,media,media,True,2/3,1-2 (alta-media),,alta,media,media
2895,16095,media,media,True,2/3,1-2 (alta-media),,alta,media,media
2897,18292,alta,alta,True,2/3,2-1 (alta-media),,alta,alta,media
2898,10055,media,alta,False,1/3,2-1 (alta-media),,alta,alta,media
2903,15226,media,media,True,2/3,1-2 (alta-media),,alta,media,media
2906,8828,media,media,True,2/3,1-2 (alta-media),,alta,media,media
2907,1806,media,media,True,2/3,1-2 (alta-media),,alta,media,media
2908,18657,media,media,True,2/3,1-2 (alta-media),,alta,media,media
2911,5197,media,alta,False,2/3,1-2 (alta-media),,alta,media,media
2912,7638,media,media,True,2/3,1-2 (alta-media),,alta,media,media
2915,18375,media,media,True,2/3,1-2 (alta-media),,alta,media,media
2917,17,alta,media,False,2/3,2-1 (alta-media),,alta,alta,media
2926,337,media,alta,False,1/3,2-1 (alta-media),,media,alta,alta
2927,3130,media,media,True,2/3,1-2 (alta-media),,media,alta,media
2928,18523,media,media,True,2/3,1-2 (alta-media),,alta,media,media
2931,6180,alta,alta,True,2/3,2-1 (alta-media),,media,alta,alta
2941,13352,media,media,True,2/3,1-2 (alta-media),,alta,media,media
2948,15792,media,alta,False,1/3,2-1 (alta-media),,alta,alta,media
2952,17720,media,media,True,2/3,1-2 (alta-media),,alta,media,media
2954,13192,media,media,True,2/3,1-2 (alta-media),,alta,media,media
2958,16841,media,media,True,2/3,1-2 (alta-media),,alta,media,media
2959,16197,media,media,True,2/3,1-2 (alta-media),,alta,media,media
2964,17674,media,media,True,2/3,1-2 (alta-media),,alta,media,media
2968,17425,alta,media,False,1/3,1-2 (alta-media),,alta,media,media
2978,17734,media,alta,False,1/3,2-1 (alta-media),,alta,alta,media
2981,10348,media,media,True,2/3,1-2 (alta-media),,media,alta,media
2983,8268,media,media,True,2/3,1-2 (alta-media),,alta,media,media
2985,1478,alta,alta,True,2/3,2-1 (alta-media),,media,alta,alta
2992,5926,media,media,True,2/3,1-2 (alta-media),,alta,media,media
2993,7307,media,media,True,2/3,1-2 (alta-media),,alta,media,media
2996,6351,alta,media,False,1/3,1-2 (alta-media),,alta,media,media
2998,13695,media,media,True,2/3,1-2 (alta-media),,alta,media,media
3001,5387,alta,media,False,1/3,1-2 (alta-media),,alta,media,media
3003,16324,media,media,True,2/3,1-2 (alta-media),,alta,media,media
3006,3316,media,media,True,2/3,1-2 (alta-media),,alta,media,media
3007,9875,media,alta,False,2/3,1-2 (alta-media),,media,alta,media
3016,4758,media,media,True,2/3,1-2 (alta-media),,media,alta,media
3019,3984,media,media,True,2/3,1-2 (alta-media),,alta,media,media
3028,11324,alta,media,False,1/3,1-2 (alta-media),,media,alta,media
3030,11788,alta,alta,True,2/3,2-1 (alta-media),,media,alta,alta
3045,7737,media,media,True,2/3,1-2 (alta-media),,alta,media,media
3050,16839,media,alta,False,1/3,2-1 (alta-media),,media,alta,alta
3052,18472,media,media,True,2/3,1-2 (alta-media),,alta,media,media
3055,12696,media,media,True,2/3,1-2 (alta-media),,alta,media,media
3060,1763,media,alta,False,2/3,1-2 (alta-media),,media,alta,media
3061,9709,media,media,True,2/3,1-2 (alta-media),,alta,media,media
3065,6444,media,media,True,2/3,1-2 (alta-media),,alta,media,media
3066,17254,media,media,True,2/3,1-2 (alta-media),,alta,media,media
3073,17969,media,media,True,2/3,1-2 (alta-media),,alta,media,media
3076,12703,media,media,True,2/3,1-2 (alta-media),,media,alta,media
3078,13815,media,media,True,2/3,1-2 (alta-media),,alta,media,media
3088,14608,media,media,True,2/3,1-2 (alta-media),,alta,media,media
3091,5933,alta,alta,True,2/3,2-1 (alta-media),,media,alta,alta
3095,7261,media,media,True,2/3,1-2 (alta-media),,alta,media,media
3096,2246,alta,alta,True,2/3,2-1 (alta-media),,media,alta,alta
3099,7483,alta,media,False,1/3,1-2 (alta-media),,alta,media,media
3100,7697,media,media,True,2/3,1-2 (alta-media),,alta,media,media
3103,2504,media,media,True,2/3,1-2 (alta-media),,alta,media,media
3104,5996,alta,media,False,2/3,2-1 (alta-media),,alta,alta,media
3106,4956,alta,media,False,1/3,1-2 (alta-media),,media,alta,media
3108,17774,media,media,True,2/3,1-2 (alta-media),,alta,media,media
3110,122,media,media,True,2/3,1-2 (alta-media),,alta,media,media
3111,7066,media,media,True,2/3,1-2 (alta-media),,alta,media,media
3113,11191,media,media,True,2/3,1-2 (alta-media),,alta,media,media
3116,1006,media,media,True,2/3,1-2 (alta-media),,media,alta,media
3120,13747,alta,alta,True,2/3,2-1 (alta-media),,media,alta,alta
3132,6796,alta,alta,True,2/3,2-1 (alta-media),,alta,alta,media
3133,5378,media,alta,False,1/3,2-1 (alta-media),,alta,alta,media
3134,14227,alta,alta,True,2/3,2-1 (alta-media),,media,alta,alta
3136,1430,media,media,True,2/3,1-2 (alta-media),,media,alta,media
3139,4893,media,media,True,2/3,1-2 (alta-media),,alta,media,media
3141,11234,alta,alta,True,2/3,2-1 (alta-media),,media,alta,alta
3142,14008,media,media,True,2/3,1-2 (alta-media),,alta,media,media
3143,905,media,media,True,2/3,1-2 (alta-media),,alta,media,media
3150,449,media,media,True,2/3,1-2 (alta-media),,alta,media,media
3154,18903,alta,alta,True,2/3,2-1 (alta-media),,alta,alta,media
3156,16679,media,alta,False,2/3,1-2 (alta-media),,alta,media,media
3166,2687,media,media,True,2/3,1-2 (alta-media),,media,alta,media
3171,18872,media,media,True,2/3,1-2 (alta-media),,alta,media,media
3179,3584,media,media,True,2/3,1-2 (alta-media),,media,alta,media
3186,16354,media,media,True,2/3,1-2 (alta-media),,alta,media,media
3191,13005,media,media,True,2/3,1-2 (alta-media),,alta,media,media
3194,13198,media,media,True,2/3,1-2 (alta-media),,alta,media,media
3197,6048,alta,alta,True,2/3,2-1 (alta-media),,alta,alta,media
3200,8392,media,alta,False,1/3,2-1 (alta-media),,alta,alta,media
3210,15326,media,media,True,2/3,1-2 (alta-media),,alta,media,media
3212,6575,media,media,True,2/3,1-2 (alta-media),,media,alta,media
3214,590,media,media,True,2/3,1-2 (alta-media),,alta,media,media
3218,8481,alta,alta,True,2/3,2-1 (alta-media),,media,alta,alta
3219,1359,alta,media,False,1/3,1-2 (alta-media),,alta,media,media
3233,1086,alta,alta,True,2/3,2-1 (alta-media),,media,alta,alta
3234,318,alta,alta,True,2/3,2-1 (alta-media),,alta,alta,media
3237,17301,media,media,True,2/3,1-2 (alta-media),,alta,media,media
3244,14638,media,media,True,2/3,1-2 (alta-media),,alta,media,media
3247,10740,media,media,True,2/3,1-2 (alta-media),,media,alta,media
3251,11262,alta,alta,True,1/3,1-2 (alta-media),,media,alta,media
3253,14863,media,alta,False,1/3,2-1 (alta-media),,alta,alta,media
3263,17367,alta,media,False,2/3,2-1 (alta-media),,media,alta,alta
3265,7426,alta,alta,True,2/3,2-1 (alta-media),,media,alta,alta
3267,12681,alta,alta,True,2/3,2-1 (alta-media),,alta,alta,media
3268,5018,media,media,True,2/3,1-2 (alta-media),,alta,media,media
3269,5828,media,media,True,2/3,1-2 (alta-media),,alta,media,media
3284,4346,alta,alta,True,2/3,2-1 (alta-media),,media,alta,alta
3285,18117,alta,alta,True,2/3,2-1 (alta-media),,media,alta,alta
3287,12107,media,media,True,2/3,1-2 (alta-media),,alta,media,media
3293,11997,alta,media,False,1/3,1-2 (alta-media),,alta,media,media
3294,11651,media,media,True,2/3,1-2 (alta-media),,alta,media,media
3296,3042,alta,alta,True,2/3,2-1 (alta-media),,alta,alta,media
3297,14983,media,media,True,2/3,1-2 (alta-media),,alta,media,media
3302,8591,media,alta,False,1/3,2-1 (alta-media),,media,alta,alta
3306,14429,alta,alta,True,2/3,2-1 (alta-media),,alta,alta,media
3308,17202,alta,alta,True,1/3,1-2 (alta-media),,media,alta,media
3309,17405,media,media,True,2/3,1-2 (alta-media),,media,alta,media
3310,6375,media,alta,False,1/3,2-1 (alta-media),,alta,alta,media
3313,561,alta,alta,True,2/3,2-1 (alta-media),,media,alta,alta
3316,8142,alta,media,False,1/3,1-2 (alta-media),,media,alta,media
3320,900,media,media,True,2/3,1-2 (alta-media),,alta,media,media
3324,16206,media,media,True,2/3,1-2 (alta-media),,media,alta,media
3325,4647,alta,media,False,1/3,1-2 (alta-media),,media,alta,media
3327,12740,media,alta,False,1/3,2-1 (alta-media),,alta,alta,media
3331,9249,media,media,True,2/3,1-2 (alta-media),,alta,media,media
3332,3021,alta,alta,True,2/3,2-1 (alta-media),,media,alta,alta
3333,11612,media,media,True,2/3,1-2 (alta-media),,alta,media,media
3334,11163,media,media,True,2/3,1-2 (alta-media),,alta,media,media
3336,8079,media,media,True,2/3,1-2 (alta-media),,alta,media,media
3337,18896,media,media,True,2/3,1-2 (alta-media),,alta,media,media
3339,6457,media,media,True,2/3,1-2 (alta-media),,alta,media,media
3343,13495,alta,media,False,1/3,1-2 (alta-media),,alta,media,media
3349,16829,media,media,True,2/3,1-2 (alta-media),,alta,media,media
3351,2710,media,media,True,1/3,2-1 (alta-media),,alta,alta,media
3352,17247,media,media,True,2/3,1-2 (alta-media),,media,alta,media
3354,18565,media,media,True,2/3,1-2 (alta-media),,alta,media,media
3361,4712,media,media,True,2/3,1-2 (alta-media),,alta,media,media
3364,16412,alta,media,False,1/3,1-2 (alta-media),,media,alta,media
3367,6989,media,media,True,2/3,1-2 (alta-media),,alta,media,media
3368,18174,media,media,True,2/3,1-2 (alta-media),,alta,media,media
3371,9434,media,media,True,2/3,1-2 (alta-media),,media,alta,media
3377,407,media,media,True,2/3,1-2 (alta-media),,alta,media,media
3381,1133,alta,alta,True,2/3,2-1 (alta-media),,alta,alta,media
3385,5774,media,media,True,2/3,1-2 (alta-media),,alta,media,media
3393,9470,media,media,True,2/3,1-2 (alta-media),,alta,media,media
3400,6745,alta,alta,True,2/3,2-1 (alta-media),,media,alta,alta
3404,12215,media,media,True,2/3,1-2 (alta-media),,alta,media,media
3405,16339,media,media,True,2/3,1-2 (alta-media),,media,alta,media
3410,18569,media,media,True,2/3,1-2 (alta-media),,alta,media,media
3414,207,alta,alta,True,2/3,2-1 (alta-media),,media,alta,alta
3423,17302,media,media,True,2/3,1-2 (alta-media),,alta,media,media
3426,12213,alta,alta,True,2/3,2-1 (alta-media),,media,alta,alta
3429,2437,media,media,True,2/3,1-2 (alta-media),,alta,media,media
3430,8938,media,media,True,2/3,1-2 (alta-media),,alta,media,media
3435,11802,media,media,True,2/3,1-2 (alta-media),,alta,media,media
3436,18256,media,media,True,2/3,1-2 (alta-media),,alta,media,media
3438,5266,media,media,True,2/3,1-2 (alta-media),,alta,media,media
3439,10607,alta,alta,True,2/3,2-1 (alta-media),,media,alta,alta
3448,17924,alta,alta,True,2/3,2-1 (alta-media),,media,alta,alta
3449,5381,media,media,True,2/3,1-2 (alta-media),,alta,media,media
3462,15541,media,alta,False,1/3,2-1 (alta-media),,alta,alta,media
3468,13598,media,media,True,2/3,1-2 (alta-media),,alta,media,media
3475,7434,media,media,True,2/3,1-2 (alta-media),,alta,media,media
3476,13791,alta,alta,True,2/3,2-1 (alta-media),,media,alta,alta
3477,13047,media,media,True,2/3,1-2 (alta-media),,media,alta,media
3479,8216,alta,media,False,1/3,1-2 (alta-media),,media,alta,media
3482,3125,media,media,True,2/3,1-2 (alta-media),,alta,media,media
3488,2842,alta,alta,True,2/3,2-1 (alta-media),,media,alta,alta
3492,6349,media,media,True,2/3,1-2 (alta-media),,alta,media,media
3494,13185,media,media,True,2/3,1-2 (alta-media),,alta,media,media
3496,5627,alta,alta,True,2/3,2-1 (alta-media),,media,alta,alta
3498,7389,alta,alta,True,2/3,2-1 (alta-media),,media,alta,alta
3501,9896,media,media,True,2/3,1-2 (alta-media),,alta,media,media
3510,5625,alta,alta,True,2/3,2-1 (alta-media),,media,alta,alta
3511,12189,media,media,True,2/3,1-2 (alta-media),,alta,media,media
3514,2044,media,media,True,2/3,1-2 (alta-media),,media,alta,media
3515,8876,media,media,True,2/3,1-2 (alta-media),,alta,media,media
3517,17993,media,media,True,2/3,1-2 (alta-media),,media,alta,media
3521,9499,media,media,True,2/3,1-2 (alta-media),,media,alta,media
3523,11217,media,alta,False,2/3,1-2 (alta-media),,media,alta,media
3532,6006,alta,alta,True,2/3,2-1 (alta-media),,alta,alta,media
3534,2806,alta,alta,True,2/3,2-1 (alta-media),,media,alta,alta
3535,7343,media,alta,False,2/3,1-2 (alta-media),,alta,media,media
3537,16280,alta,media,False,1/3,1-2 (alta-media),,alta,media,media
3539,837,media,alta,False,1/3,2-1 (alta-media),,alta,alta,media
3540,13741,media,media,True,2/3,1-2 (alta-media),,media,alta,media
3541,3113,alta,alta,True,2/3,2-1 (alta-media),,media,alta,alta
3545,6961,alta,media,False,1/3,1-2 (alta-media),,media,alta,media
3546,9620,media,media,True,2/3,1-2 (alta-media),,alta,media,media
3557,4179,alta,alta,True,2/3,2-1 (alta-media),,media,alta,alta
3560,12784,alta,media,False,1/3,1-2 (alta-media),,alta,media,media
3561,13237,media,media,True,2/3,1-2 (alta-media),,alta,media,media
3563,6995,media,alta,False,1/3,2-1 (alta-media),,alta,alta,media
3575,10271,alta,media,False,1/3,1-2 (alta-media),,alta,media,media
3586,14980,media,media,True,2/3,1-2 (alta-media),,media,alta,media
3604,148,media,media,True,2/3,1-2 (alta-media),,alta,media,media
3613,4427,alta,media,False,1/3,1-2 (alta-media),,alta,media,media
3614,3810,media,media,True,2/3,1-2 (alta-media),,alta,media,media
3621,13690,media,media,True,2/3,1-2 (alta-media),,alta,media,media
3623,11736,media,alta,False,1/3,2-1 (alta-media),,alta,alta,media
3629,2622,alta,alta,True,2/3,2-1 (alta-media),,alta,alta,media
3634,6494,alta,alta,True,2/3,2-1 (alta-media),,media,alta,alta
3638,5641,alta,alta,True,2/3,2-1 (alta-media),,media,alta,alta
3639,6721,alta,alta,True,2/3,2-1 (alta-media),,alta,alta,media
3641,2883,alta,alta,True,1/3,1-2 (alta-media),,media,alta,media
3642,6803,media,media,True,2/3,1-2 (alta-media),,alta,media,media
3643,6680,alta,alta,True,2/3,2-1 (alta-media),,media,alta,alta
3646,11983,media,media,True,2/3,1-2 (alta-media),,alta,media,media
3647,12641,alta,alta,True,2/3,2-1 (alta-media),,media,alta,alta
3653,9657,media,media,True,2/3,1-2 (alta-media),,alta,media,media
3656,3347,media,media,True,2/3,1-2 (alta-media),,alta,media,media
3657,6064,media,media,True,2/3,1-2 (alta-media),,alta,media,media
3660,16113,media,media,True,2/3,1-2 (alta-media),,alta,media,media
3661,15982,media,media,True,2/3,1-2 (alta-media),,alta,media,media
3669,4490,media,media,True,2/3,1-2 (alta-media),,alta,media,media
3674,11653,media,media,True,2/3,1-2 (alta-media),,alta,media,media
3679,1677,media,alta,False,1/3,2-1 (alta-media),,media,alta,alta
3681,7332,alta,media,False,1/3,1-2 (alta-media),,media,alta,media
3683,10044,media,alta,False,2/3,1-2 (alta-media),,media,alta,media
3684,11714,media,media,True,2/3,1-2 (alta-media),,alta,media,media
3688,14403,media,media,True,2/3,1-2 (alta-media),,media,alta,media
3689,2155,alta,alta,True,2/3,2-1 (alta-media),,media,alta,alta
3693,4541,media,alta,False,1/3,2-1 (alta-media),,alta,alta,media
3696,15191,media,alta,False,1/3,2-1 (alta-media),,alta,alta,media
3701,13021,media,media,True,2/3,1-2 (alta-media),,media,alta,media
3715,6531,alta,alta,True,2/3,2-1 (alta-media),,alta,alta,media
3717,5959,media,media,True,2/3,1-2 (alta-media),,alta,media,media
3721,11360,alta,media,False,1/3,1-2 (alta-media),,media,alta,media
3722,9536,media,media,True,2/3,1-2 (alta-media),,alta,media,media
3727,17349,media,media,True,2/3,1-2 (alta-media),,alta,media,media
3736,14386,alta,media,False,1/3,1-2 (alta-media),,alta,media,media
3738,14701,alta,alta,True,2/3,2-1 (alta-media),,media,alta,alta
3739,1378,alta,alta,True,2/3,2-1 (alta-media),,media,alta,alta
3743,5139,media,media,True,2/3,1-2 (alta-media),,alta,media,media
3745,10063,alta,alta,True,2/3,2-1 (alta-media),,alta,alta,media
3751,18515,alta,media,False,1/3,1-2 (alta-media),,media,alta,media
3757,5165,media,media,True,2/3,1-2 (alta-media),,alta,media,media
3762,4366,alta,alta,True,2/3,2-1 (alta-media),,alta,alta,media
3763,6309,alta,alta,True,2/3,2-1 (alta-media),,alta,alta,media
3765,484,alta,alta,True,2/3,2-1 (alta-media),,media,alta,alta
3770,15816,alta,alta,True,2/3,2-1 (alta-media),,media,alta,alta
3772,2669,media,alta,False,1/3,2-1 (alta-media),,alta,alta,media
3775,14571,alta,alta,True,2/3,2-1 (alta-media),,media,alta,alta
3777,12116,alta,alta,True,2/3,2-1 (alta-media),,media,alta,alta
3780,12297,media,media,True,2/3,1-2 (alta-media),,alta,media,media
3781,3867,media,media,True,2/3,1-2 (alta-media),,media,alta,media
3782,7715,alta,media,False,1/3,1-2 (alta-media),,media,alta,media
